issueno,month,year,skater,trick,obstacle,detailer,staircount,spot,location,notes,special,soty
1,january,1981,,,art,,,,,,,
2,february,1981,chris stople,fs slash,transition,pool,,,,,,
3,march,1981,chris miller,fs air,transition,bowl,,,,,,
4,april,1981,allen losi,fakie footplant ollie,transition,bowl,,colton,,,,
5,may,1981,"steve caballero, duane peters","lien air, sweeper",transition,bowl,,whittier,,double cover,,
6,june,1981,mike smith,fs smith,transition,bowl,,colton,,,,
7,july,1981,mike pust,handplant,transition,halfpipe,,,canada,,,
8,august,1981,roger hickey & john hutson,downhill,downhill,,,,,,,
9,september,1981,steve caballero,lien air,transition,bowl,,kona,,,,
10,october,1981,tony hawk,lien to tail,transition,bowl,,del mar,,,,
11,november,1981,,,art,typography,,,,,,
12,december,1981,steve rocco,nose manny,flat,freestyle,,living room,,funny,,
13,january,1982,mike smith,bs air,transition,pool,,,,,,
14,february,1982,steve caballero,fakie ollie,transition,miniramp,,,,,,
15,march,1982,duane peters,slide drop in,transition,pool,,,,,,
16,april,1982,street scott,driveway flyoff,gap,driveway,,,,first street trick,,
17,may,1982,stacey peralta,nose manny,flat,freestyle,,,,"""May was the only mag we ever missed...we were too fucked up on drugs.""-Fausto Vitello""",,
18,june,1982,,,,,,,,no issue,,
19,july,1982,micke alba,bs air,transition,bowl,,upland,,,,
20,august,1982,jay adams,bertleman,flat,,,,,funny,,
21,september,1982,per wilinder,pogo,flat,freestyle,,,,,,
22,october,1982,rodney mullen,ollie,flat,freestyle,,,,first popped street trick,,
23,november,1982,john hutson,downhill,downhill,,,,,,,
24,december,1982,tom groholski,bs air,transition,halfpipe,,,,,,
25,january,1983,lance mountain,bs air,transition,bowl,,whittier,,,,
26,february,1983,bob denike,fs lip,transition,bank,,,,fs lapover what is that,,
27,march,1983,billy ruff,bs air,transition,bowl,,whittier,,,,
28,april,1983,micke alba,handplant,transition,halfpipe,,,,,,
29,may,1983,gary davis,fs boneless,gap,hip,,,,,,
30,june,1983,andy kessler,one foot nose manny,flat,freestyle,,,"New York City, NY","aka ""the fandangler""",,
31,july,1983,jay alabamy,fs ollie,transition,pool,,,,,,
32,august,1983,steve caballero,fs channel plant,transition,halfpipe,,,,,,
33,september,1983,"mike mcgill, craig johnson, john gibson, jay cabler","bs air, fs air, fs layback",transition,halfpipe,,,,,,
34,october,1983,"puker, pat clarke","fs grind, bs air",transition,halfpipe,,,,,,
35,november,1983,rob roskopp,sweeper,transition,halfpipe,,,,,,
36,december,1983,big steve,fs grind,transition,pool,,,,,,
37,january,1984,rodney mullen,one foot pogo,flat,freestyle,,kentor canyon school,,,,
38,february,1984,monty nolder,gay twist,transition,halfpipe,,,,,,
39,march,1984,mondo,fs grind,transition,halfpipe,,,,,,
40,april,1984,bryce kanights,fs air,gap,bank,,,berkeley,,,
41,may,1984,chuck treece,layback tailslide,transition,halfpipe,,,,,,
42,june,1984,mark rogowski,fs grind,transition,pool,,,,,,
43,july,1984,tommy guerrero,fastplant,gap,hip,,fort miley,"San Francisco, CA",,,
44,august,1984,christian hosoi,bs air,transition,bowl,,upland,,,,
45,september,1984,natas kaupus,fs wallride,wall,,,,,,,
46,october,1984,neil blender,eggplant,transition,bowl,,del mar,,,,
47,november,1984,mark gonzales,beanplant,gap,bank,,,,,,
48,december,1984,,,art,,,,,,,
49,january,1985,jeff phillips,fs boneless,transition,halfpipe,,,,,,
50,february,1985,neil blender,,art,,,,,,,
51,march,1985,billy ruff & neil blender,,ollie,,,,,,,
52,april,1985,christian hosoi,andrecht,transition,halfpipe,,,,,,
53,may,1985,john gibson,fs thrust,transition,fullpipe,,,,,,
54,june,1985,steve caballero,fs invert,transition,pool,,,,,,
55,july,1985,chris miller,fs air,transition,pool,,,,,,
56,august,1985,lester kasai,bs air,transition,halfpipe,,,,,,
57,september,1985,lance mountain,,art,,,,,,,
58,october,1985,bruno peeters,fakie ollie,transition,halfpipe,,,,,,
59,november,1985,christian hosoi,melon,gap,car,,,,,,
60,december,1985,dave hackett,hang ten,flat,,,,,,,
61,january,1986,claus grabke,invert,transition,halfpipe,,,,,,
62,february,1986,allen losi,invert,transition,halfpipe,,,,,,
63,march,1986,natas kaupus,bertleman,gap,car,,,,,,
64,april,1986,tommy guerrero,lien air,transition,street transition,,Wallows,Hawaii,,,
65,may,1986,lester kasai,fs ollie,transition,halfpipe,,,,,,
66,june,1986,glenn danzig,,portrait,music,,,,,,
67,july,1986,jesse martinez,judo air,transition,spine,,,,,,
68,august,1986,mike valley,sad plant,flat,freestyle,,,,,,
69,september,1986,mark gonzales,bean plant,flat,,,,,,,
70,october,1986,tony hawk,fs grind,transition,pool,,,,,,
71,november,1986,,,,,,,,no issue,,
72,december,1986,chris miller,fs air,transition,hip,,,,,,
73,january,1987,jim thiebaud,fs grind,wall,,,,oakland,jim!,,
74,february,1987,gang green,,portrait,music,,,,,,
75,march,1987,jeff phillips,fs ollie,transition,halfpipe,,,,,,
76,april,1987,brian brannon,bs kickturn,transition,,,jaws spot,AZ,,,
77,may,1987,mike muir,,portrait,music,,,,,,
78,june,1987,steve alba,carve,transition,ditch,,,,looks cool,,
79,july,1987,mark rogowski,slashback,transition,pool,,,,,,
80,august,1987,tony hawk,fs ollie,transition,halfpipe,,,,,,
81,september,1987,,,art,pushead,,,,,,
82,october,1987,christian hosoi,method air,transition,halfpipe,,,Hawaii,,,
83,november,1987,steve caballero,fs boardslide,ledge,bench,,,,first ledge trick,,
84,december,1987,eddie reategui,,flat,,,,Savannah,,,
85,january,1988,eric dressen,bs tail tap,transition,pool,,,,,,
86,february,1988,tony vitello,,portrait,,,,"San Francisco, CA",,,
87,march,1988,scott oster,g-turn,flat,freestyle,,,,,,
88,april,1988,steve alba,fs tail tap,transition,pool,,,,,,
89,may,1988,rob roskopp,bertleman,snowy mountain,,,,,snowboarding,,
90,june,1988,christian hosoi,fakie ollie,transition,halfpipe,,,,,,
91,july,1988,"danny sargent, luke ogden, john dettman ",,hill bomb,hill,,,,,,
92,august,1988,,,art,robt. williams,,,,,,
93,september,1988,sam esmoer,fs grind fs grab,transition,pool,,,,,,
94,october,1988,david hackett,fs grind,transition,pool,,,,,,
95,november,1988,bod boyle,bs lipslide,transition,halfpipe,,,,,,
96,december,1988,lance mountain,sad plant,transition,halfpipe,,,,,,
97,winter,1988,tony alva,hill bomb,hill,ditch,,,,first 13th issue,,
98,january,1989,jay adams,fs grind,transition,pool,,,,,,
99,february,1989,vladimir morozoz,tic-tac,flat,freestyle,,,russia,for being russian,,
100,march,1989,robby olhisher,wallride,wall,,,,,,,
101,april,1989,brian bannon,fakie thrust,transition,fullpipe,,,,,,
102,may,1989,Chris Miller,,portrait,,,,,,,
103,june,1989,,,art,longboard,,,,,,
104,july,1989,ron allen,fs boardslide,rail,,,oak tech,Oakland,first rail,,
105,august,1989,cara beth burnside,fs indie,transition,halfpipe,,,,first woman,,
106,september,1989,danny sargent,nosepick,drop in,,,,,,,
107,october,1989,jeremy henders,bs wallride,wall,,,brooklyn banks,"New York City, NY",,,
108,november,1989,scott oster,bertleman,flat,,,,,,,
109,december,1989,jeff kendell,fs smith,transition,halfpipe,,,,,,
110,january,1990,steve caballero,indie to fakie,transition,halfpipe,,,,,,
111,february,1990,george nagai,indie grab,flat,,,,,,,
112,march,1990,mark hollander,bs carve,transition,pool,,,,,,
113,april,1990,karma tsocheff,ollie,flat,,,,,,,
114,may,1990,frankie hill,bs boardslide,rail,handrail,,,,first handrail,,
115,june,1990,butch sterbins,bs boardslide,rail,,,,,,,
116,july,1990,tim galvin,bs carve,transition,fullpipe,,,,,,
117,august,1990,bob pereyra,luge,flat,,,,,lol,,
118,september,1990,aaron deeter,fs air,transition,halfpipe,,,,,,
119,october,1990,brennand schoeffel,ollie,gap,,,,,,,
120,november,1990,henry sanchez,bs nosegrind,ledge,,,Embarcadero,"San Francisco, CA",,,
121,december,1990,omar hassan,lien air,transition,halfpipe,,,,,,
122,january,1991,tony hawk,melon to fakie,transition,halfpipe,,,,almost soty cover,,
123,february,1991,ed templeton,nose bonk,flat,trash can,,,,,,
124,march,1991,,,art,robt. williams,,,,,,
125,april,1991,todd shinto,hoverboard,flat,hoverboard,,,,hoverboard,,
126,may,1991,pep,boardslide,ledge,bleachers,,,,,,
127,june,1991,jonah guzzi,ollie one foot,flat,,,,,,,
128,july,1991,steve caballero,fs boardslide,transition,halfpipe,,,,,,
129,august,1991,Eddie Reategui,fs ollie,transition,fullpipe,,,,,,
130,september,1991,brandon chapman,bs disaster,transition,miniramp,,,,,,
131,october,1991,ray barbee,fs kickflip,bank,,,,,first flip trick?,,
132,november,1991,eric dressen,nose bonk tail grab,gap,,,LA Courthouse,Los Angeles CA,,,
133,december,1991,danny way,mute to fakie,transition,halfpipe,,back to the city,"San Francisco, CA",almost soty cover,,
134,january,1992,wade speyer,ollie tuck knee,gap,bump to gap,,,,,,
135,february,1992,eric britton,fs nosegrind,rail,handrail,3,,,first handrail grind,,
136,march,1992,chet thomas,shifty ollie,gap,,,,,,,
137,april,1992,ronnie bertino,fs noseblunt,ledge,,,golden gate park fountain,"San Francisco, CA",,,
138,may,1992,tom knox,ollie,gap,,,,,other tom knox,,
139,june,1992,pat duffy,fs 180 nosegrind,rail,handrail,,,,,,
140,july,1992,remy stratton,tailgrab to fakie,transition,halfpipe,,,,ice t killed vert?,,
141,august,1992,sean sheffey,heelflip shuv it,gap,,,demo,,suspicious,,
142,september,1992,jovontae turner,bs heelflip,gap,,,Embarcadero,"San Francisco, CA",,,
143,october,1992,daniel powell ESQ,fs noseblunt,ledge,hubba,,,,suspicious,,
144,november,1992,alphonso rawls,bs smith,ledge,,,,,awesome,,
145,december,1992,mike carroll,bs crook,ledge,hubba,6,Hubba Hideout,"San Francisco, CA",worst crop of all time,,
146,january,1993,tim brauch,bs crook,ledge,trash can,,,,,,
147,february,1993,jeff pang,shifty ollie,gap,,,Brooklyn Banks,"New York City, NY",,,
148,march,1993,rick ibaseta,bs 5050,rail,,,,,sick,,
149,april,1993,john cardiel,shifty ollie,gap,bump to bump,,,,ring of fire - first soty cover,,soty
150,may,1993,julien stranger,bs lipslide,ledge,out ledge,5,,"San Francisco, CA",,,
151,june,1993,mark gonzales,fs ollie,transition,halfpipe,,max's ramp,Oakland,,,
152,july,1993,henry sanchez,heelflip to fs noseslide,ledge,,,,,first ledge combo,,
153,august,1993,"joe sierro, jason adams, justin ortiz",,art,,,,,,,
154,september,1993,karma tsocheff,fs 180 nosegrind to regular,rail,handrail,4,,,,,
155,october,1993,,,art,tombstone,,,,,,
156,november,1993,rick howard,sw tre flip,bank,,,Beryl Banks,"Redondo Beach, CA",first switch cover?,,
157,december,1993,eric koston,fs kickflip,gap,bump to gap,,,,,,
158,january,1994,carl shipman,fs blunt,ledge,hubba,6,Hubba Hideout,"San Francisco, CA",,,
159,february,1994,salman agah,soty,portrait,,,,,,,soty
160,march,1994,jason adams,kickflip to fakie,bank,ditch,,,,,,
161,april,1994,jaime reyes,tre flip to fakie,bank,,,,Hawaii,woman,,
162,may,1994,,,art,gonz,,,,,,
163,june,1994,mike frazier,kickflip to mute,transition,halfpipe,,andy's ramp,Oakland,,,
164,july,1994,jaya bonderov,fs nosegrind,ledge,,,,"San Francisco, CA",,,
165,august,1994,matt pailes,ollie,gap,,,,,photoshop nighmare,,
166,september,1994,andy roy,lien air,transition,halfpipe,,,,,,
167,october,1994,bob burnquist,fs air,transition,halfpipe,,,,,,
168,november,1994,alan peterson,ollie,stairs,triple set,3 flat 3 flat 3,Santa Monica Triple Set,"Santa Monica, CA",first big set,,
169,december,1994,wade speyer,method,transition,bowl,,Marseilles Skatepark,"Marseilles, France",,,
170,january,1995,mike conway,bs noseslide,rail,handrail,10,,,,,
171,february,1995,fred gall,sw fs 5-0,ledge,hubba,6,Hubba Hideout,"San Francisco, CA",,,
172,march,1995,mike carroll,fs tailslide,ledge,,,Bay Blocks,"San Francisco, CA",,,soty
173,april,1995,,,art,,,,,,,
174,may,1995,max schaaf,half cab,transition,halfpipe,,jake's ramp,"San Francisco, CA",,,
175,june,1995,ethan fowler,sw bs wallride,wall,,,Ft. Mason,"San Francisco, CA",,,
176,july,1995,,,art,longboard,,,,,,
177,august,1995,phil shao,fs smith,transition,pool,,,,,,
178,september,1995,moses itkonen,sw fs tailslide,ledge,,,,,,,
179,october,1995,chad muska,fs 5-0,rail,handrail,9,Brooklyn Banks,"New York City, NY",,,
180,november,1995,quim cardona,fs indie,hip,,,,"New York City, NY",,,
181,december,1995,mike bouchard,fs nosegrind,ledge,,,LOVE Park,"Philadelphia, PA",,,
182,january,1996,"salman agah, rodney mullen, tommy guerrero, ray barbee, tony hawk, duane peters, mike carroll",,multiphoto,,,,,,,
183,february,1996,justin strubing,fs salad,ledge,,,,,,,
184,march,1996,ron whaley,fs indie,gap,over car,,,"San Francisco, CA",,,
185,april,1996,,,art,,,,,,,
186,may,1996,coco santiago,fs thruster,transition,fullpipe,,,,,,
187,june,1996,karma tsocheff,bs shifty,gap,bump to gap,,,,,,
188,july,1996,phil shao,fs 5-0,rail,bump to rail,,Fort Miley,"San Francisco, CA",,,
189,august,1996,eric dressen,fs thruster,transition,bowl,,,,,,
190,september,1996,,,art,,,,,,,
191,october,1996,mark hubbard,bs ollie,transition,bowl,,,,,,
192,november,1996,mike york,fs blunt to fakie,rail,,,,Berkeley,,,
193,december,1996,sean sheffey,fs 5050,rail,bump to rail,,,,,,
194,january,1997,danny gonzales,melon,gap,,,,"San Francisco, CA",,,
195,february,1997,scott johnston,bs crook,rail,,,,,,,
196,march,1997,eric koston,fs noseblunt,ledge,hubba,8,Venice Beach,"Venice, CA",,,soty
197,april,1997,mark gonzales,pole jam to fakie,rail,,,,,questionable,,
198,may,1997,quim cardona,fs ollie,hip,,,,,,,
199,june,1997,chico brenes,bs tailslide,ledge,,,Bay Blocks,"San Francisco, CA",,,
200,july,1997,wade speyer,fs indie,transition,pool,,,,,,
201,august,1997,bobby puleo,bs nosegrind,ledge,,,,,,,
202,september,1997,danny way,bs noseblunt,ledge,car,,,,,,
203,october,1997,keith hufnagel,ollie,gap,,,,,,,
204,november,1997,jeremy wray,ollie,gap,flat gap,,water tower gap,,important,,
205,december,1997,brian anderson,fs tailslide,ledge,hubba,12,,,,,
206,january,1998,,bs crook,art,pushead,,,,,,
207,february,1998,pat duffy,kickflip,stairs,,8,,,,,
208,march,1998,peter hewitt,fs invert,transition,park,,,"Quito, Equador",,,
209,april,1998,bob burnquist,ollie,gap,,,,"San Francisco, CA",,,soty
210,may,1998,willy santos,fs feeble,rail,handrail,7,,,,,
211,june,1998,mike carroll,fs crook,ledge,,,,"San Francisco, CA",,,
212,july,1998,ethan fowler,tre flip,gap,bump to gap,,petaluma skatepark,,,,
213,august,1998,bam margera,bs grind,transition,park,,FDR,"Philadelphia, PA",,,
214,september,1998,mark johnson,sw fs heelflip,gap,bump to gap,,,,,,
215,october,1998,wade speyer & daewon song,,portrait,,,,,hard,,
216,november,1998,john cardiel,fs air,gap,bump to bump,,,,,,
217,december,1998,cairo foster,bs crook,ledge,,,,,,,
218,january,1999,richard mulder,sw ollie,gap,bump to gap,,,,,,
219,february,1999,geoff rowley,fs boardslide,rail,handrail,16,Hollywood High,"Hollywood, CA",first big rail,,
220,march,1999,rick howard,bs crook,rail,,,,,,,
221,april,1999,andrew reynolds,fs blunt,rail,handrail,8,,Florida,,,soty
222,may,1999,jerry hsu,sw heelflip,gap,over rail,,,,,,
223,june,1999,jeff lenoce,fs 5-0,ledge,hubba,10,,,,,
224,july,1999,marcus mcbride,ollie,gap,bump to gap,,,,,,
225,august,1999,jamie thomas,sw fs lipslide,rail,handrail,9,Arco,"Los Angeles, CA",,,
226,september,1999,royce nelson,transfer,transition,bowl,,alameda skatepark,,,,
227,october,1999,kerry getz,kickflip to lien air,transition,park,,demo,,,,
228,november,1999,richard paez,alley oop nollie,transition,halfpipe,,,,,,
229,december,1999,mark scott,fs air,transition,bowl,,,,,,
230,january,2000,steve caballero,fs air,transition,bowl,,,,vintage photo,,
231,february,2000,erik ellington,bs kickflip,gap,bump to gap,,,,,,
232,march,2000,paul machnau,fs boardslide,rail,handrail,,,,,,
233,april,2000,brian anderson,,portrait,,,,,,,soty
234,may,2000,reese forbes,fakie ollie,gap,,,3rd & Army,"San Francisco, CA",,,
235,june,2000,dennis busenitz,ollie,hip,,,alameda skatepark,,,,
236,july,2000,arto saari,bs crook,rail,handrail,18,Franklin High School,"Los Angeles, CA",,,
237,august,2000,toan nyugen,kickflip to bs tailslide,rail,,,,,combo,,
238,september,2000,jim greco,sw fs kickflip,stairs,,13,lincoln high,"San Francisco, CA",,,
239,october,2000,cairo foster,fs noseslide,ledge,out ledge,10,oakland courthouse,Oakland,,,
240,november,2000,jason dill,bs blunt,rail,handrail,9,Belmon 9 Stair,"Los Angeles, CA",,,
241,december,2000,eric koston,bs lipslide,rail,handrail,3 flat 3,,,,,
242,january,2001,collectors edition,,art,fullpipe,,,,,,
243,february,2001,steve olsen,sw bs crook,ledge,out ledge,8,,,,,
244,march,2001,dan drehobl,fs air,transition,park,,,,,,
245,april,2001,geoff rowley,,portrait,,,,,,,soty
246,may,2001,elias bingham,ollie,gap,bump to gap,,,,,,
247,june,2001,alan petersen,fs ollie,transition,fullpipe,,,,,,
248,july,2001,stevie williams,fs noseslide,ledge,,,,,,,
249,august,2001,wes lott,bs lipslide,rail,handrail,13,,,,,
250,september,2001,geoff rowley,bs 5050,ledge,hubba,15,,,,,
251,october,2001,matt field,fs nosegrind,rail,,,,,,,
252,november,2001,mark appleyard,fs smith,rail,handrail,12,,az,,,
253,november,2001,mark appleyard,bs lipslide,rail,handrail,2 flat 7,,,,Appleyard,
254,december,2001,steve bailey,fs ollie,transition,pool,,,,,,
255,january,2002,jon allie,kickflip to bs lipslide,rail,handrail,9,,,combo,,
256,february,2002,ryan johnson,acid drop,drop in,pool,,,,,,
257,march,2002,bastien salabanzi,kickflip to fakie,transition,pool,,,,,,
258,april,2002,arto saari,fakie fs boardslide,rail,handrail,13,Point Loma High School,"San Diego, CA",,,soty
259,may,2002,jason adams,ollie,gap,,,LA River,"Los Angeles, CA",,,
260,june,2002,darrell stanton,bs noseblunt,ledge,hubba,12,Clipper,"San Francisco, CA",,,
261,july,2002,jamie thomas,bs crook,rail,handrail,10,,,,,
262,august,2002,tom penny,sw 270 kickflip,hip,park,,,,,,
263,september,2002,alan petersen,method,transition,bowl,,,,,,
264,october,2002,jeremy smythe,fs crook,rail,,,3rd & Army,"San Francisco, CA",,,
265,november,2002,dustin dollin,fakie kickflip,stairs,,4 flat 4,,,,,
266,december,2002,andrew reynolds,fs kickflip,stairs,,16,paul revere elementary,"San Francisco, CA",beast af,,
267,special issue,2002,josh harmony,fs nosegrind,rail,handrail,11,,,13th issue,,
268,january,2003,billy marks,kickflip to fs lipslide,rail,handrail,12,Hollywood High,"Los Angeles, CA",combo,,
269,february,2003,ryan smith,fs noseblunt,ledge,hubba,12,,,,,
270,march,2003,mark appleyard,fs nosegrind,rail,handrail,13,,,,,
271,april,2003,bryan herman,kickflip,stairs,,5 flat 7,,,,,
272,may,2003,tony trujillo,stale,transition,park,,ripon,,,,soty
273,june,2003,heath kirchart,bs lipslide,rail,handrail,5 flat 5,,,,,
274,july,2003,john rattray,invert,transition,quarterpipe,,,,,,
275,august,2003,tom penny,kickflip to fakie,transition,fullpipe,,,,,,
276,september,2003,mark gonzales,bs 5-0,rail,,,,"San Francisco, CA",,,
277,october,2003,darren navarrette,lien air,transition,halfpipe,,,,,,
278,november,2003,rick mccrank & lance mountain,fs air over fs 5-0,transition,pool,,,,,,
279,december,2003,bastien salabanzi,fakie kickflip,stairs,,12,West Hollywood Park 12,"Hollywood, CA",,,
280,special issue,2003,john cardiel,fs air,transition,park,,ripon,,13th issue,,
281,january,2004,tony trujillo,fs roll in,transition,roll in,,Seawall,"Chicago, IL",,,
282,february,2004,josh harmony,fs nosegrind,rail,handrail,,Rincon,"Esconsido, CA",,,
283,march,2004,matt mumford,fs crailslide,transition,pool,,,,,,
284,april,2004,mark appleyard,lien air,transition,park,,,,,,soty
285,may,2004,chris dobstaff,bs blunt,rail,handrail,18,La Jolla High School,"San Diego, CA",,,
286,june,2004,corey duffel,bs lipslide,ledge,hubba,10,Oceanside,Oceanside,,,
287,july,2004,ernie torres,fs kickflip,stairs,,5 flat 7,,,,,
288,august,2004,jamie thomas,bs wallride,wall,,,,,window ride,,
289,september,2004,geoff rowley,fs 5050,ledge,bank to ledge,,,,,,
290,october,2004,austin stephens,kickflip,stairs,,4 flat 5,,,,,
291,november,2004,chad bartie,bs blunt,ledge,bank to ledge,,ditch,,,,
292,december,2004,tommy sandoval,fs boardslide,rail,handrail,16,,,,,
293,special issue,2004,tommy sandoval,tre flip,stairs,triple set,3 flat 3 flat 2,,,13th issue,,
294,january,2005,jon allie,kickflip to fs tailslide,ledge,hubba,10,Clipper,"San Francisco, CA",combo,,
295,february,2005,rune glifberg,bs ollie,transition,pool,,,,,,
296,march,2005,paul machnau,bs tailslide,rail,handrail,10,,,,,
297,april,2005,geoff rowley,bs 360,gap,into bank,,ditch,,tilt,,
298,may,2005,danny way,sw bs crook,rail,mega ramp rail,,,,,,soty
299,june,2005,paul rodriguez,sw kickflip to sw bs 5050,ledge,hubba,8,,,combo,,
300,july,2005,,fs nosegrind,art,neckface,,,,neckface,,
301,august,2005,anthony van engelen,sw fs crook,rail,handrail,,,,,,
302,september,2005,rick howard,bs ollie,transition,street transition,,,,,,
303,october,2005,erik ellington,bs lipslide,rail,handrail,4 flat 5,,,,,
304,november,2005,greg lutzka,bs kicklip,gap,channel,,ditch,,,,
305,december,2005,chris cole,bs wallride,wall,,8,,,kotr,,
306,special issue,2005,chet childress,bs nosegrab,transition,bowl,,,,13th issue,,
307,january,2006,mark appleyard,bs ollie,transition,ditch,,ditch,,,,
308,february,2006,jon ponts,fs melon,hip,,,,,,,
309,march,2006,dustin dollin,bs nosegrind,rail,handrail,14,,,,,
310,april,2006,chris cole,kickflip to bs noseslide,rail,handrail,10,,,combo,,soty
311,may,2006,jim greco,bs 5-0,rail,handrail,12,,,,,
312,june,2006,joe goemann,bs hurricane,rail,handrail,4,,,,,
313,july,2006,nick dompierre,ollie,gap,over rail,8 flat 7,dompierre spot,,,,
314,august,2006,tony tave,sw heelflip,stairs,,6 flat 4,,,,,
315,september,2006,keegan sauder,fs tuckknee,transition,bowl,,,,,,
316,october,2006,tommy sandoval,fs nosegrind,rail,handrail,18,La Jolla High School,"San Diego, CA",,,
317,november,2006,leo romero,fs 5050,rail,handrail,3 flat 10,,,,,
318,december,2006,jamie thomas,fs 5050,rail,handrail,12,,,kotr,,
319,special issue,2006,cairo foster,bs 5-0,rail,handrail,,,,13th issue,,
320,january,2007,anthony schultz,tuckknee,gap,,,ditch,,over river - cool,,
321,february,2007,mikey taylor,nollie to fs noseblunt,rail,handrail,10,,,,,
322,march,2007,danny way,fs tailslide,transition,pool,,,,,,
323,april,2007,daewon song,fs air,transition,fullpipe,,,,,,soty
324,may,2007,andrew reynolds,bs kickflip,gap,,,Wallenberg,"San Francisco, CA",,,
325,june,2007,shane cross,bs noseblunt,transition,bowl,,Pizzey Bowl,"QLD, Australia",,,
326,july,2007,windsor james,fs feeble,rail,handrail,13,,,,,
327,august,2007,bob burnquist,fs 5050,rail,into transition,,,,,,
328,september,2007,sierra fellers,kickflip to fs 5050,rail,handrail,11,La Canada High,"Flintwood, CA",combo,,
329,october,2007,corey duffel,bs 5050,rail,handrail,,,,,,
330,november,2007,steve nesser,fs 5050,rail,handrail,51,,,bro what,,
331,december,2007,jake duncombe,tre flip,stairs,,10,,,kotr,,
332,special issue,2007,peter hewitt,fs nosegrab,transition,bowl,,,,13th issue,,
333,january,2008,marc johnson,nose pick,ledge,bank to ledge,,LA River,"Los Angeles, CA",,,soty
334,february,2008,david gonzales,kickflip to fs boardslide,rail,handrail,14,Muirlands Middle School,"San Diego, CA",combo,,
335,march,2008,terry kennedy,fs crook,rail,handrail,10,,,murderer,,
336,april,2008,peter watkins,nose bonk,gap,into bank,,,,,,
337,may,2008,marc johnson,fs boardslide to fakie,rail,,,,,,,
338,june,2008,chris haslam,sw crail,transition,quarterpipe,,,australia,,,
339,july,2008,rune glifberg,bs crook,transition,bowl,,,,,,
340,august,2008,jamie tancowny,bs bigspin,gap,,,Cobra Golf (water) Gap,"Carlsbad, CA",,,
341,september,2008,mike carroll,bs tuckknee,transition,park,,,,,,
342,october,2008,billy marks,kickflip,gap,5 block,16,,,,,
343,november,2008,david reyes,kickflip to bs wallride,wall,,,ditch,,combo,,
344,december,2008,christian hosoi,tailgrab,transition,bowl,,,,,,
345,special issue,2008,silas baxter-neal,bs disaster,transition,street transition,,,,13th issue,,
346,january,2009,tony trujillo,indie to fakie,transition,street transition,,,,,,
347,february,2009,cairo foster,bs crooked grind,rail,,,,,,,
348,march,2009,omar salazar,fs noseblunt,ledge,,,,,,,
349,april,2009,silas baxter-neal,bs smith,rail,handrail,,,,,,soty
350,may,2009,"ryan decenzo, scott decenzo","fs kickflip, fs boardslide","gap, rail",handrail,13,,,questionable,,
351,june,2009,don nguyen,kickflip,stairs,over rail,20,,,,,
352,july,2009,justin brock,fs kickflip,gap,bank to bank,,ditch,,,,
353,august,2009,chris cole,bs 360,gap,4 block,,Wallenberg,"San Francisco, CA",,,
354,september,2009,james brockman,fs blunt,ledge,hubba,12,,,,,
355,october,2009,sean malto,bs noseblunt,ledge,hubba,11,Stanford Hubba,"Palo Alto, CA",,,
356,november,2009,geoff rowley,impossible,gap,roof gap,,,,,,
357,december,2009,emmanuel guzman,bs smith,rail,handrail,12,,,,,
358,special issue,2009,antwuan dixon, ,portrait,,,,,13th issue,,
359,january,2010,sammy baca,crailslide,transition,bowl,,,,,,
360,february,2010,nick trapasso,fs 180,gap,over rail,16,,,,,
361,march,2010,chima ferguson,sw bs tailslide,ledge,hubba,12,Clipper,"San Francisco, CA",,,
362,april,2010,chris cole,fs blunt to fakie,rail,handrail,,Rincon,,,,soty
363,may,2010,figgy,bs smith,rail,handrail,14,,,,,
364,june,2010,david gonzales,bs crook,rail,,,ditch,,,,
365,july,2010,dave bachinsky,bs lipslide,rail,handrail,5 flat 4,,,,,
366,august,2010,eli reed,fs hurricane,transition,pool,,,,,,
367,september,2010,leo romero,fs smith,rail,handrail,9,,,sickk,,
368,october,2010,andrew reynolds,fakie kickflip,gap,,6 block,,,,,
369,november,2010,alex olson,bs boardslide,rail,handrail,up,,,up!,,
370,december,2010,james hardy,fs noseblunt,rail,handrail,17,patrick henry high,"San Diego, CA",,,
371,january,2011,grant taylor,fs ollie,transition,pool,,,,,,
372,february,2011,grant taylor,gap to bs 5050,rail,handrail,12,,,kotr,,
373,march,2011,ben raemers,fs invert,transition,pool,,,,,,
374,april,2011,leo romero,bs boardslide,rail,handrail,9,,,from top,,soty
375,may,2011,tommy sandoval,fs kickflip,gap,over rail,12,,,,,
376,june,2011,figgy,sw bs 5050,rail,handrail,12,,australia,,,
377,july,2011,jaws,ollie,stairs,,20,,,,,
378,august,2011,torey pudwill,bs smith,ledge,out ledge,,,,,,
379,september,2011,jason dill,nosegrind tailgrab,transition,pool,,east coast pool,"Pittsburgh, PA",,,
380,october,2011,ryan mcwhirter,thruster,transition,house,,living room,,,,
381,november,2011,dakota servold,fs boardslide,ledge,hubba,6 flat 6,Wedge Hubba,"Scottsdale, AZ",,,
382,december,2011,julian davidson,kickflip,gap,bump to bump,,,,,,
383,january,2012,vincent alvarez,sw fs 180 to fs nosegrind,rail,handrail,9,garfield high,"Seattle, WA",kotr,,
384,february,2012,peter ramondetta,sw fs smith,rail,handrail,6,,,,,
385,march,2012,jon dickson,sw kickflip,gap,,6 block,D7,"New York City, NY",,,
386,april,2012,grant taylor,stale,transition,bowl,,Pizzey Bowl,"QLD, Australia",,,soty
387,may,2012,corey duffel,bs crook,ledge,out ledge,5 flat 3,,,,,
388,june,2012,danny way,bs kickflip,gap,mega ramp,,,,murderer,,
389,june,2012,kreayshawn,,portrait,music,,,,woman,Music,
390,july,2012,jim greco,nose pick,ledge,,,,,,,
391,august,2012,trevor colden,sw tre flip,gap,,,house of drops,,big gap,,
392,september,2012,dane burman,bs 5050,rail,handrail,14,,,,,
393,october,2012,david gonzales,fs 5050,rail,handrail,8 flat 8,dompierre spot,,,,
394,november,2012,marc johnson,casper stall,transition,street transition,,maitland banks,Florida,,,
395,december,2012,figgy,bs crook,rail,handrail,5 flat 7,,,,,
396,january,2013,vincent alvarez,kickflip to pivot to fakie,transition,street transition,,,,combo,Alvarez,
397,january,2013,elijah berle,fs indie,transition,channel,,,,,Berle,
398,january,2013,corey kennedy,bs crook to pop over,rail,handrail,9,,,,Kennedy,
399,january,2013,raven tershy,fs fastplant,transition,street transition,,,,,Tershy,
400,january,2013,stevie perez,bs 180 to nosegrind,rail,handrail,10,,,,Perez,
401,february,2013,"grant taylor, omar salazar","bs 5050, bs 5-0",rail,bank to rail,,,,,,
402,march,2013,ben raybourne,bs indie,transition,park,,burnside,portland,,,
403,april,2013,david gonzales,tuckknee,transition,park,,,Hawaii,,,soty
404,may,2013,david gravette,fs 5-0,rail,bank to rail,,ditch,,,,
405,june,2013,clint walker,bs smith,rail,,13,,,,,
406,july,2013,nyjah huston,fs 5-0,rail,handrail,9 flat 9,,,,,
407,august,2013,chris pfanner,kickflip,stairs,,7 flat 8,,,,,
408,september,2013,collin provost,fs 180,gap,bump to bar,,,,,,
409,october,2013,brandon westgate,tre flip,gap,euro,,,,huuuge,,
410,november,2013,ishod wair,kickflip to bs lipslide,rail,handrail,12,,,,,
411,december,2013,dane burman,fs 5050 to gap,rail,handrail,17 flat 17,Muni,"Philadelphia, PA",,,
412,january,2014,mark suciu,bs noseblunt,rail,handrail,7,SF State kinker,"San Francisco, CA",,,
413,february,2014,ben raybourne,bs fastplant,transition,diy,,,,,,
414,march,2014,torey pudwill,nollie kickflip,5 block,,,,,,,
415,april,2014,ishod wair,no comply,barrier,,,,,,,soty
416,may,2014,jaws,drop in,drop in,dump truck,,,,,,
417,june,2014,taylor kirby,ollie,gap,over fence,18,,,,,
418,july,2014,ryan decenzo,fs blunt,rail,,,,,,,
419,august,2014,dylan reider,bs smith,ledge,,,,Germany,first ledge trick in a while,,
420,september,2014,dustin dollin,fs 180 to nosegrind,ledge,hubba,18,Hollywood Bowl,"Los Angeles, CA",,,
421,october,2014,miles silvas,kickflip to bs tailslide,ledge,hubba,11,Stanford Hubba,"Palo Alto, CA",,,
422,november,2014,jeremy leabres,fs blunt,rail,handrail,5 flat 5,,,,,
423,december,2014,"ben raemers, louie barletta","bs fastplant, bs ollie",transition,oververt,,,,,,
424,january,2015,ishod wair,fs tailslide,rail,handrail,9 flat 7,,,,Ishod,
425,january,2015,torey pudwill,bs tailslide,ledge,hubba,13,,,,Pudwill,
426,january,2015,blake carpenter,ollie,gap,,,,,,Carpenter,
427,january,2015,brandon westgate,bs boardslide,rail,handrail,,,,up handrail,Westgate,
428,february,2015,ben raybourne,invert,transition,street transition,,,,kotr,,
429,march,2015,anthony van engelen,sw suicide 5-0,rail,handrail,8,Columbus Park,"New York City, NY",that rail,,
430,april,2015,wes kremer,ollie to fakie,transition,street transition,,,,,,soty
431,may,2015,jack fardell,fs 5050,rail,handrail,8 flat 11 flat 3,,"San Francisco, CA",insane,,
432,june,2015,daniel lutheran,suicide 5050,rail,handrail,20,,,,,
433,july,2015,rowan zorilla,fs wallride,wall,,11,,,,,
434,august,2015,sascha daley,kickflip,gap,into bank,,ditch,,what,,
435,september,2015,raven tershy,bs tailslide nose grab,transition,pool,,,,,Raven,
436,september,2015,figgy,bs crook,rail,handrail,24,,,,Figgy,
437,october,2015,jake johnson,no comply,gap,bump to gap,,besos,"Barcelona, Spain",,,
438,november,2015,miles silvas,sw bs smith,ledge,hubba,11,,,,,
439,december,2015,rowan zorilla,fs smith,ledge,hubba,10,Oceanside,Oceanside,,,
440,january,2016,shane oneill,sw kickflip to bs noseblunt,rail,handrail,7,,,,,
441,february,2016,evan smith,ollie,gap,over rail,11 flat 12,,,,,
442,march,2016,jaws,melon,stairs,,25,Lyon 25,"Lyon, France",tourist attraction ahaha,,
443,april,2016,anthony van engelen,bs 5050,rail,,,,,,,soty
444,may,2016,jerry hsu,nollie bs 180 to fakie 5-0,rail,handrail,6,,,,,
445,june,2016,dennis busenitz,kickflip,transition,street transition,,China Banks,"San Francisco, CA",,,
446,july,2016,daan van der linden,bs noseblunt,ledge,hubba,12,paul revere elementary,"San Francisco, CA",,,
447,august,2016,elijah berle,gap to fs 5050,rail,handrail,,,,,,
448,september,2016,ben raybourne,invert,transition,pool,,,,kotr,,
449,october,2016,mike anderson,nose bonk,transition,oververt,,Seawall,"Chicago, IL",,,
450,november,2016,figgy,fs nose grind yank,rail,handrail,8,,,,,
451,december,2016,evan smith,kickflip to bs wallride,wall,over rail,9,,,,,
452,january,2017,kyle walker,kickflip,gap,over rail,,,,,Walker,
453,january,2017,dylan reider,kickflip,bank,,,,,,Dylan,
454,february,2017,yonnie cruz,sw bs lipslide,ledge,out ledge,7,,London,,,
455,march,2017,jim greco,kickflip,transition,street transition,,LA city hall,"Los Angeles, CA",those quarters,,
456,april,2017,kyle walker,fs blunt,rail,handrail,13,,,,,soty
457,may,2017,lizzie armanto,method,transition,halfpipe,,,,best cover,,
458,june,2017,kevin baekkel,boardslide,transition,street transition,,ditch,,,,
459,july,2017,rick howard,ollie,gap,bump to gap,,,,bordering on art,,
460,august,2017,ducky kovacs,fast plant,stairs,,4 flat 10,,,,,
461,september,2017,clive dixon,fs lipslide,rail,handrail,24,,,,,
462,october,2017,shane oneill,sw kickflip,gap,street gap,,Heath Kirchart Gap,"San Dimas, CA",,,
463,november,2017,ben raemers,invert,transition,pool,,,,kotr,,
464,december,2017,louie lopez,bs wallride,wall,,12,,,,,
465,january,2018,jamie foy,fs crook,rail,handrail,20,El Toro,,,,
466,february,2018,pedro delfino,bs boardslide,ledge,hubba,10,,"San Francisco, CA",,,
467,march,2018,nyjah huston,fakie fs 5050,rail,handrail,18,La Jolla High School,"San Diego, CA",,,
468,april,2018,jamie foy,bs smith,rail,handrail,13,,,,,soty
469,may,2018,jason jesse,dog pisser to fakie,transition,halfpipe,,,,,,
470,june,2018,louie lopez,bs noseblunt,ledge,,,,"Beverly Hills, CA",,,
471,july,2018,mark gonzales,fs boneless,transition,,,demo,,,,
472,august,2018,jesse vieria,kickflip to bs 5050,rail,handrail,14 flat 7,,"San Francisco, CA",,,
473,september,2018,josh kalis,fs noseblunt,ledge,,,Muni,"Philadelphia, PA",awesome,,
474,october,2018,brandon westgate,ollie,gap,into bank,22,,,,,
475,november,2018,evan smith,bs 360,gap,bump to bump,,,,kotr,,
476,december,2018,zion wright,bs 5-0,rail,handrail,24,,,,,
477,january,2019,tyshawn jones,ollie,gap,,,,"New York City, NY",that fucked gap,,
478,february,2019,simon bannerot,wallride,transition,ceiling,,,,,,
479,march,2019,clive dixon,bs boardslide,rail,handrail,,water tower gap,,that fucked rail,,
480,april,2019,tyshawn jones,nollie heelflip,gap,bump to gap,,,,,,soty
481,may,2019,myles willard,wallride,wall,off roof,,,,,,
482,june,2019,jake phelps,fs smith,transition,halfpipe,,,,vintage photo,,
483,july,2019,wes kremer,tre flip,stairs,over rail,9,,,,,
484,august,2019,mark suciu,bs 5050,rail,,,,,,,
485,september,2019,raney beres,invert,transition,pool,,,,,,
486,october,2019,jaacko ojanen,hippie jump,gap,,,,,,,
487,november,2019,felipe nunes,bs 5-0,rail,handrail,14,,"San Diego, CA",no legs,,
488,december,2019,milton martinez,kickflip,gap,into bank,,Sunset Carwash,"Los Angeles, CA",,,
489,january,2020,figgy,fs feeble,rail,handrail,3 flat 13,,,,,
490,february,2020,tom knox,bs lipslide,ledge,,,,London,behind phone box,,
491,march,2020,jack o'grady,bs 5050,ledge,hubba,20,,,,,
492,april,2020,mason silva,ollie,gap,into bank,,,,,,
493,may,2020,milton martinez,bs smith,ledge,hubba,13,,,,,soty
494,june,2020,jeff grosso,invert,transition,halfpipe,,,,vintage photo,,
495,july,2020,tristan funkhouser,wallride indie,wall,,,,,,,
496,august,2020,nyjah huston,bs tailslide,rail,handrail,18,UCI 18,,,,
497,september,2020,,,portrait,,,,,blm,,
498,october,2020,louie lopez,fs feeble,rail,handrail,14,,,,,
499,november,2020,john shanahan,suicide 5050,rail,handrail,,,,pole jam backwards,,
500,december,2020,elijah berle,fs 5050,rail,handrail,7 flat 7,,,,,
501,january,2021,john cardiel,bs melon,transition,park,,ripon,,throwback,,
502,february,2021,carlos ribiero,sw bs noseblunt,ledge,hubba,,Clipper,"San Francisco, CA",,,
503,march,2021,guy mariano,fs feeble,transition,ditch,,ditch,,,,
504,april,2021,jack o'grady,bs 5050 to 5050,rail,handrail,9 flat 9,,,fucked off,,
505,may,2021,mason silva,nosepick,transition,mountain,,,,,,soty
506,june,2021,yuto horigome,Nollie bs 270 noseslide,rail,handrail,9,,,,,
507,july,2021,grant taylor,kickflip,gap,,,,,,,
508,august,2021,jimmy wilkins,fs handplant,transition,park,,,,,,
509,september,2021,evan smith,ollie,gap,bridge,,bay bridge,,,,
510,october,2021,breana geering,bs crook,ledge,into bank,,,,woman,,
511,november,2021,tyshawn jones,sw ollie,flat,over table,,,,,,
512,december,2021,tristan funkhouser,fs ollie,transition,street transition,,China Banks,"San Francisco, CA",,,
513,january,2022,samarria brevard,hippie flip,flat,over handrail,,,,woman,,
514,february,2022,fred gall,,portrait,,,,,,,
515,march,2022,,,art,neckface,,,,500th cover,,
516,april,2022,frankie decker,no comply,gap,over fence,,,,frankie!!,,
517,may,2022,mark suciu,fs tailslide,rail,handrail,14,,,,,soty
518,june,2022,giorgi armani,fs crook,ledge,hubba,8 flat 6,Cardiel Hubba,"San Francisco, CA",,,
519,july,2022,austin kanfoush,fs slash,transition,street transition,,,,,,
520,august,2022,louie lopez,fs 50-50,rail,handrail,,,France,,,
521,september,2022,rob pace,fs 50-50 to fs feeble,rail,handrail,10 flat 10,,,,,
522,october,2022,brian o'dwyer,ollie,gap,,,Muni,"Philadelphia, PA",,,
523,november,2022,ronnie sandoval,bs noseblunt,transition,park,,,,,,
524,december,2022,tyshawn jones,kickflip,gap,,,subway gap,"New York City, NY",,,
525,january,2023,funa nakayama,fs crook,rail,handrail,16,Hollywood High,"Los Angeles, CA",woman,,
526,february,2023,nick matthews,bs smith,ledge,into bank,,,,,,
527,march,2023,emile laurent,rock to fakie,transition,pole,,burnside,portland,,,
528,april,2023,austyn gillette,sw tre flip,gap,over hydrant,,,"Los Angeles, CA",,,
529,may,2023,tyshawn jones,bs kickflip,gap,over bench,,,AU,,,
530,june,2023,antonio durao,sw tre flip to noseblunt,rail,handrail,,,Texas,,,
531,july,2023,nico hiraga,wallride,wall,,,,"San Francisco, CA",,,
532,august,2023,jack o'grady,ollie,gap,into bank,,,,,,
533,september,2023,john shanahan,ollie,gap,over pawn,,Muni,"Philadelphia, PA",,,
534,october,2023,nora vasconcellos,nose pick,transition,,,,Spain,woman,,
535,november,2023,miles silvas,fs crook,rail,handrail,11,,"San Francisco, CA",,,
536,december,2023,tom knox,ollie,stairs,,10,,UK,,,
537,january,2024,ducky kovacs,drop in,bank,,,Embarcadero,"San Francisco, CA",slam,,
538,february,2024,jeff carlyle,sw 50-50,rail,rainbow rail,,,,,,
539,march,2024,elissa steamer,fs 50-50,ledge,hubba,,,"Los Angeles, CA",woman,,